Product,FabricName,ThumbUrl
Zebra,AQUAWIDE3-BEIGE-LF,https://sunnyshutter.ca/wp-content/uploads/fabric-sku/AQUAWIDE3-BEIGE-LF.jpg
Zebra,AQUAWIDE3-CHARCOAL-LF,https://sunnyshutter.ca/wp-content/uploads/fabric-sku/AQUAWIDE3-CHARCOAL-LF.jpg
Zebra,AQUAWIDE3-CHOCOLATE-LF,https://sunnyshutter.ca/wp-content/uploads/fabric-sku/AQUAWIDE3-CHOCOLATE-LF.jpg
Zebra,AQUAWIDE3-GRAY-LF,https://sunnyshutter.ca/wp-content/uploads/fabric-sku/AQUAWIDE3-GRAY-LF.jpg
Zebra,AQUAWIDE3-IVORY-LF,https://sunnyshutter.ca/wp-content/uploads/fabric-sku/AQUAWIDE3-IVORY-LF.jpg
Zebra,AQUAWIDE3-LGRAY-LF,https://sunnyshutter.ca/wp-content/uploads/fabric-sku/AQUAWIDE3-LGRAY-LF.jpg
Zebra,AQUAWIDE3-MUSHROOM-LF,https://sunnyshutter.ca/wp-content/uploads/fabric-sku/AQUAWIDE3-MUSHROOM-LF.jpg
Zebra,AQUAWIDE3-PEACH-LF,https://sunnyshutter.ca/wp-content/uploads/fabric-sku/AQUAWIDE3-PEACH-LF.jpg
Zebra,AQUAWIDE3-WHITE-LF,https://sunnyshutter.ca/wp-content/uploads/fabric-sku/AQUAWIDE3-WHITE-LF.jpg
Zebra,AQUAWIDE4-BEIGE-LF,https://sunnyshutter.ca/wp-content/uploads/fabric-sku/AQUAWIDE4-BEIGE-LF.jpg
Zebra,AQUAWIDE4-CHARCOAL-LF,https://sunnyshutter.ca/wp-content/uploads/fabric-sku/AQUAWIDE4-CHARCOAL-LF.jpg
Zebra,AQUAWIDE4-CHOCOLATE-LF,https://sunnyshutter.ca/wp-content/uploads/fabric-sku/AQUAWIDE4-CHOCOLATE-LF.jpg
Zebra,AQUAWIDE4-GRAY-LF,https://sunnyshutter.ca/wp-content/uploads/fabric-sku/AQUAWIDE4-GRAY-LF.jpg
Zebra,AQUAWIDE4-IVORY-LF,https://sunnyshutter.ca/wp-content/uploads/fabric-sku/AQUAWIDE4-IVORY-LF.jpg
Zebra,AQUAWIDE4-LGRAY-LF,https://sunnyshutter.ca/wp-content/uploads/fabric-sku/AQUAWIDE4-LGRAY-LF.jpg
Zebra,AQUAWIDE4-MUSHROOM-LF,https://sunnyshutter.ca/wp-content/uploads/fabric-sku/AQUAWIDE4-MUSHROOM-LF.jpg
Zebra,AQUAWIDE4-PEACH-LF,https://sunnyshutter.ca/wp-content/uploads/fabric-sku/AQUAWIDE4-PEACH-LF.jpg
Zebra,AQUAWIDE4-WHITE-LF,https://sunnyshutter.ca/wp-content/uploads/fabric-sku/AQUAWIDE4-WHITE-LF.jpg
Zebra,Bagoda-Light-Grey-DO,https://sunnyshutter.ca/wp-content/uploads/fabric-sku/Bagoda-Light-Grey-DO.jpg
Zebra,Bagoda-Mushroom-DO,https://sunnyshutter.ca/wp-content/uploads/fabric-sku/Bagoda-Mushroom-DO.jpg
Zebra,Bagoda-White-DO,https://sunnyshutter.ca/wp-content/uploads/fabric-sku/Bagoda-White-DO.jpg
Zebra,Bella-Grey-LF,https://sunnyshutter.ca/wp-content/uploads/fabric-sku/Bella-Grey-LF.jpg
Zebra,Bella-White-LF,https://sunnyshutter.ca/wp-content/uploads/fabric-sku/Bella-White-LF.jpg
Zebra,Bilford-Grey-DO,https://sunnyshutter.ca/wp-content/uploads/fabric-sku/Bilford-Grey-DO.jpg
Zebra,Bilford-Ivory-DO,https://sunnyshutter.ca/wp-content/uploads/fabric-sku/Bilford-Ivory-DO.jpg
Zebra,Bilford-White-DO,https://sunnyshutter.ca/wp-content/uploads/fabric-sku/Bilford-White-DO.jpg
Zebra,BLACKLABEL1TONE-BLACK-BO,https://sunnyshutter.ca/wp-content/uploads/fabric-sku/BLACKLABEL1TONE-BLACK-BO.jpg
Zebra,BLACKLABEL1TONE-IRON-BO,https://sunnyshutter.ca/wp-content/uploads/fabric-sku/BLACKLABEL1TONE-IRON-BO.jpg
Zebra,BLACKLABEL1TONE-LIQUEUR-BO,https://sunnyshutter.ca/wp-content/uploads/fabric-sku/BLACKLABEL1TONE-LIQUEUR-BO.jpg
Zebra,BLACKLABEL1TONE-MGRAY-BO,https://sunnyshutter.ca/wp-content/uploads/fabric-sku/BLACKLABEL1TONE-MGRAY-BO.jpg
Zebra,BLACKLABEL1TONE-NATURAL-BO,https://sunnyshutter.ca/wp-content/uploads/fabric-sku/BLACKLABEL1TONE-NATURAL-BO.jpg
Zebra,BLACKLABEL1TONE-PUREWHITE-BO,https://sunnyshutter.ca/wp-content/uploads/fabric-sku/BLACKLABEL1TONE-PUREWHITE-BO.jpg
Zebra,BLACKLABEL2TONE-BEIGE-BO,https://sunnyshutter.ca/wp-content/uploads/fabric-sku/BLACKLABEL2TONE-BEIGE-BO.jpg
Zebra,BLACKLABEL2TONE-BROWN-BO,https://sunnyshutter.ca/wp-content/uploads/fabric-sku/BLACKLABEL2TONE-BROWN-BO.jpg
Zebra,BLACKLABEL2TONE-CHARCOAL-BO,https://sunnyshutter.ca/wp-content/uploads/fabric-sku/BLACKLABEL2TONE-CHARCOAL-BO.jpg
Zebra,BLACKLABEL2TONE-GRAY-BO,https://sunnyshutter.ca/wp-content/uploads/fabric-sku/BLACKLABEL2TONE-GRAY-BO.jpg
Zebra,BLACKLABEL2TONE-ICEWHITE-BO,https://sunnyshutter.ca/wp-content/uploads/fabric-sku/BLACKLABEL2TONE-ICEWHITE-BO.jpg
Zebra,Blegance-Grey-DO,https://sunnyshutter.ca/wp-content/uploads/fabric-sku/Blegance-Grey-DO.jpg
Zebra,Blegance-Light-grey-DO,https://sunnyshutter.ca/wp-content/uploads/fabric-sku/Blegance-Light-grey-DO.jpg
Zebra,Blegance-White-DO,https://sunnyshutter.ca/wp-content/uploads/fabric-sku/Blegance-White-DO.jpg
Zebra,Bophia-Light-Grey-DO,https://sunnyshutter.ca/wp-content/uploads/fabric-sku/Bophia-Light-Grey-DO.jpg
Zebra,Bophia-Mushroom-DO,https://sunnyshutter.ca/wp-content/uploads/fabric-sku/Bophia-Mushroom-DO.jpg
Zebra,Bophia-Pure-White-DO,https://sunnyshutter.ca/wp-content/uploads/fabric-sku/Bophia-Pure-White-DO.jpg
Zebra,Bophia-White-DO,https://sunnyshutter.ca/wp-content/uploads/fabric-sku/Bophia-White-DO.jpg
Zebra,CORAL-BLACK-BO,https://sunnyshutter.ca/wp-content/uploads/fabric-sku/CORAL-BLACK-BO.jpg
Zebra,CORAL-CREAM-BO,https://sunnyshutter.ca/wp-content/uploads/fabric-sku/CORAL-CREAM-BO.jpg
Zebra,CORAL-GOLD-BO,https://sunnyshutter.ca/wp-content/uploads/fabric-sku/CORAL-GOLD-BO.jpg
Zebra,CORAL-GREY-BO,https://sunnyshutter.ca/wp-content/uploads/fabric-sku/CORAL-GREY-BO.jpg
Zebra,CORAL-PEARL-BO,https://sunnyshutter.ca/wp-content/uploads/fabric-sku/CORAL-PEARL-BO.jpg
Zebra,Doly-Grey-DO,https://sunnyshutter.ca/wp-content/uploads/fabric-sku/Doly-Grey-DO.jpg
Zebra,Doly-Ivory-DO,https://sunnyshutter.ca/wp-content/uploads/fabric-sku/Doly-Ivory-DO.jpg
Zebra,Doly-Silver-DO,https://sunnyshutter.ca/wp-content/uploads/fabric-sku/Doly-Silver-DO.jpg
Zebra,Elgon-Beige-DO,https://sunnyshutter.ca/wp-content/uploads/fabric-sku/Elgon-Beige-DO.jpg
Zebra,Elgon-Grey-DO,https://sunnyshutter.ca/wp-content/uploads/fabric-sku/Elgon-Grey-DO.jpg
Zebra,Elgon-Light-Grey-DO,https://sunnyshutter.ca/wp-content/uploads/fabric-sku/Elgon-Light-Grey-DO.jpg
Zebra,Elgon-White-DO,https://sunnyshutter.ca/wp-content/uploads/fabric-sku/Elgon-White-DO.jpg
Zebra,FARO-BLACK-BO,https://sunnyshutter.ca/wp-content/uploads/fabric-sku/FARO-BLACK-BO.jpg
Zebra,FARO-GRAY-BO,https://sunnyshutter.ca/wp-content/uploads/fabric-sku/FARO-GRAY-BO.jpg
Zebra,FARO-PEWTER-BO,https://sunnyshutter.ca/wp-content/uploads/fabric-sku/FARO-PEWTER-BO.jpg
Zebra,FARO-WHITE-BO,https://sunnyshutter.ca/wp-content/uploads/fabric-sku/FARO-WHITE-BO.jpg
Zebra,G31-1-LF,https://sunnyshutter.ca/wp-content/uploads/fabric-sku/G31-1-LF.jpg
Zebra,G31-2-LF,https://sunnyshutter.ca/wp-content/uploads/fabric-sku/G31-2-LF.jpg
Zebra,G31-3-LF,https://sunnyshutter.ca/wp-content/uploads/fabric-sku/G31-3-LF.jpg
Zebra,G31-4-LF,https://sunnyshutter.ca/wp-content/uploads/fabric-sku/G31-4-LF.jpg
Zebra,LANA-BEIGE-LF,https://sunnyshutter.ca/wp-content/uploads/fabric-sku/LANA-BEIGE-LF.jpg
Zebra,LANA-BLACK-LF,https://sunnyshutter.ca/wp-content/uploads/fabric-sku/LANA-BLACK-LF.jpg
Zebra,LANA-GERY-LF,https://sunnyshutter.ca/wp-content/uploads/fabric-sku/LANA-GERY-LF.jpg
Zebra,LANA-LIGHTBROWN-LF,https://sunnyshutter.ca/wp-content/uploads/fabric-sku/LANA-LIGHTBROWN-LF.jpg
Zebra,LANA-WHITE-LF,https://sunnyshutter.ca/wp-content/uploads/fabric-sku/LANA-WHITE-LF.jpg
Zebra,Lara-Light-Grey-LF,https://sunnyshutter.ca/wp-content/uploads/fabric-sku/Lara-Light-Grey-LF.jpg
Zebra,Lara-Mushroom-LF,https://sunnyshutter.ca/wp-content/uploads/fabric-sku/Lara-Mushroom-LF.jpg
Zebra,Lara-White-LF,https://sunnyshutter.ca/wp-content/uploads/fabric-sku/Lara-White-LF.jpg
Zebra,Lictoria-Grey-LF,https://sunnyshutter.ca/wp-content/uploads/fabric-sku/Lictoria-Grey-LF.jpg
Zebra,Lictoria-Mushroom-LF,https://sunnyshutter.ca/wp-content/uploads/fabric-sku/Lictoria-Mushroom-LF.jpg
Zebra,Lictoria-White-LF,https://sunnyshutter.ca/wp-content/uploads/fabric-sku/Lictoria-White-LF.jpg
Zebra,LOUIA-CREAM-LF,https://sunnyshutter.ca/wp-content/uploads/fabric-sku/LOUIA-CREAM-LF.jpg
Zebra,LOUIA-GREY-LF,https://sunnyshutter.ca/wp-content/uploads/fabric-sku/LOUIA-GREY-LF.jpg
Zebra,LOUIA-SLIVER-LF,https://sunnyshutter.ca/wp-content/uploads/fabric-sku/LOUIA-SLIVER-LF.jpg
Zebra,LOUIA-WHITE-LF-BL201,https://sunnyshutter.ca/wp-content/uploads/fabric-sku/LOUIA-WHITE-LF-BL201.jpg
Zebra,LUCCA1TONE-BEIGE-LF,https://sunnyshutter.ca/wp-content/uploads/fabric-sku/LUCCA1TONE-BEIGE-LF.jpg
Zebra,LUCCA1TONE-BLACK-LF,https://sunnyshutter.ca/wp-content/uploads/fabric-sku/LUCCA1TONE-BLACK-LF.jpg
Zebra,LUCCA1TONE-BROWN-LF,https://sunnyshutter.ca/wp-content/uploads/fabric-sku/LUCCA1TONE-BROWN-LF.jpg
Zebra,LUCCA1TONE-CHOCOLATE-LF,https://sunnyshutter.ca/wp-content/uploads/fabric-sku/LUCCA1TONE-CHOCOLATE-LF.jpg
Zebra,LUCCA1TONE-DGRAY-LF,https://sunnyshutter.ca/wp-content/uploads/fabric-sku/LUCCA1TONE-DGRAY-LF.jpg
Zebra,LUCCA1TONE-GRAY-LF,https://sunnyshutter.ca/wp-content/uploads/fabric-sku/LUCCA1TONE-GRAY-LF.jpg
Zebra,LUCCA1TONE-IVORY-LF,https://sunnyshutter.ca/wp-content/uploads/fabric-sku/LUCCA1TONE-IVORY-LF.jpg
Zebra,LUCCA1TONE-LGRAY-LF,https://sunnyshutter.ca/wp-content/uploads/fabric-sku/LUCCA1TONE-LGRAY-LF.jpg
Zebra,LUCCA1TONE-TAUPE-LF,https://sunnyshutter.ca/wp-content/uploads/fabric-sku/LUCCA1TONE-TAUPE-LF.jpg
Zebra,LUCCA1TONE-WHITE-LF,https://sunnyshutter.ca/wp-content/uploads/fabric-sku/LUCCA1TONE-WHITE-LF.jpg
Zebra,LUCCAWIDE1TONE-BEIGE-LF,https://sunnyshutter.ca/wp-content/uploads/fabric-sku/LUCCAWIDE1TONE-BEIGE-LF.jpg
Zebra,LUCCAWIDE1TONE-BLACK-LF,https://sunnyshutter.ca/wp-content/uploads/fabric-sku/LUCCAWIDE1TONE-BLACK-LF.jpg
Zebra,LUCCAWIDE1TONE-BROWN-LF,https://sunnyshutter.ca/wp-content/uploads/fabric-sku/LUCCAWIDE1TONE-BROWN-LF.jpg
Zebra,LUCCAWIDE1TONE-CHOCOLATE-LF,https://sunnyshutter.ca/wp-content/uploads/fabric-sku/LUCCAWIDE1TONE-CHOCOLATE-LF.jpg
Zebra,LUCCAWIDE1TONE-DGRAY-LF,https://sunnyshutter.ca/wp-content/uploads/fabric-sku/LUCCAWIDE1TONE-DGRAY-LF.jpg
Zebra,LUCCAWIDE1TONE-GRAY-LF,https://sunnyshutter.ca/wp-content/uploads/fabric-sku/LUCCAWIDE1TONE-GRAY-LF.jpg
Zebra,LUCCAWIDE1TONE-IVORY-LF,https://sunnyshutter.ca/wp-content/uploads/fabric-sku/LUCCAWIDE1TONE-IVORY-LF.jpg
Zebra,LUCCAWIDE1TONE-LGRAY-LF,https://sunnyshutter.ca/wp-content/uploads/fabric-sku/LUCCAWIDE1TONE-LGRAY-LF.jpg
Zebra,LUCCAWIDE1TONE-TAUPE-LF,https://sunnyshutter.ca/wp-content/uploads/fabric-sku/LUCCAWIDE1TONE-TAUPE-LF.jpg
Zebra,LUCCAWIDE1TONE-WHITE-LF,https://sunnyshutter.ca/wp-content/uploads/fabric-sku/LUCCAWIDE1TONE-WHITE-LF.jpg
Zebra,LYNDA-GRAY-LF,https://sunnyshutter.ca/wp-content/uploads/fabric-sku/LYNDA-GRAY-LF.jpg
Zebra,LYNDA-SLIVER-LF,https://sunnyshutter.ca/wp-content/uploads/fabric-sku/LYNDA-SLIVER-LF.jpg
Zebra,LYNDA-WHITE-LF,https://sunnyshutter.ca/wp-content/uploads/fabric-sku/LYNDA-WHITE-LF.jpg
Zebra,MILAN-BLACK-BO,https://sunnyshutter.ca/wp-content/uploads/fabric-sku/MILAN-BLACK-BO.jpg
Zebra,MILAN-CREAM-BO,https://sunnyshutter.ca/wp-content/uploads/fabric-sku/MILAN-CREAM-BO.jpg
Zebra,MILAN-GREY-BO,https://sunnyshutter.ca/wp-content/uploads/fabric-sku/MILAN-GREY-BO.jpg
Zebra,MILAN-SLIVER-BO,https://sunnyshutter.ca/wp-content/uploads/fabric-sku/MILAN-SLIVER-BO.jpg
Zebra,MILAN-WHITE-BO-BL4600,https://sunnyshutter.ca/wp-content/uploads/fabric-sku/MILAN-WHITE-BO-BL4600.jpg
Zebra,NOGUCHI-BLACK-BO,https://sunnyshutter.ca/wp-content/uploads/fabric-sku/NOGUCHI-BLACK-BO.jpg
Zebra,NOGUCHI-CREAM-BO,https://sunnyshutter.ca/wp-content/uploads/fabric-sku/NOGUCHI-CREAM-BO.jpg
Zebra,NOGUCHI-GREY-BO,https://sunnyshutter.ca/wp-content/uploads/fabric-sku/NOGUCHI-GREY-BO.jpg
Zebra,NOGUCHI-NAVY-BO,https://sunnyshutter.ca/wp-content/uploads/fabric-sku/NOGUCHI-NAVY-BO.jpg
Zebra,PARDA-BLACK-LF,https://sunnyshutter.ca/wp-content/uploads/fabric-sku/PARDA-BLACK-LF.jpg
Zebra,PARDA-DARKGREY-LF,https://sunnyshutter.ca/wp-content/uploads/fabric-sku/PARDA-DARKGREY-LF.jpg
Zebra,PARDA-IVORY-LF,https://sunnyshutter.ca/wp-content/uploads/fabric-sku/PARDA-IVORY-LF.jpg
Zebra,PARDA-LIGHTGREY-LF,https://sunnyshutter.ca/wp-content/uploads/fabric-sku/PARDA-LIGHTGREY-LF.jpg
Zebra,PARDA-SLIVER-LF,https://sunnyshutter.ca/wp-content/uploads/fabric-sku/PARDA-SLIVER-LF.jpg
Zebra,PARDA-WHITE-LF,https://sunnyshutter.ca/wp-content/uploads/fabric-sku/PARDA-WHITE-LF.jpg
Zebra,PEACEWIDE-BEIGE-LF,https://sunnyshutter.ca/wp-content/uploads/fabric-sku/PEACEWIDE-BEIGE-LF.jpg
Zebra,PEACEWIDE-CHARCOAL-LF,https://sunnyshutter.ca/wp-content/uploads/fabric-sku/PEACEWIDE-CHARCOAL-LF.jpg
Zebra,PEACEWIDE-CHOCOLATE-LF,https://sunnyshutter.ca/wp-content/uploads/fabric-sku/PEACEWIDE-CHOCOLATE-LF.jpg
Zebra,PEACEWIDE-GRAY-LF,https://sunnyshutter.ca/wp-content/uploads/fabric-sku/PEACEWIDE-GRAY-LF.jpg
Zebra,PEACEWIDE-IVORY-LF,https://sunnyshutter.ca/wp-content/uploads/fabric-sku/PEACEWIDE-IVORY-LF.jpg
Zebra,PEACEWIDE-KHAKI-LF,https://sunnyshutter.ca/wp-content/uploads/fabric-sku/PEACEWIDE-KHAKI-LF.jpg
Zebra,PEACEWIDE-MUSHROOM-LF,https://sunnyshutter.ca/wp-content/uploads/fabric-sku/PEACEWIDE-MUSHROOM-LF.jpg
Zebra,PEACEWIDE-WHITE-LF,https://sunnyshutter.ca/wp-content/uploads/fabric-sku/PEACEWIDE-WHITE-LF.jpg
Zebra,PRADO-BEIGE-LF,https://sunnyshutter.ca/wp-content/uploads/fabric-sku/PRADO-BEIGE-LF.jpg
Zebra,PRADO-GREY-LF,https://sunnyshutter.ca/wp-content/uploads/fabric-sku/PRADO-GREY-LF.jpg
Zebra,PRADO-WHITE-LF,https://sunnyshutter.ca/wp-content/uploads/fabric-sku/PRADO-WHITE-LF.jpg
Zebra,ROSELLE-BEIGE-BO,https://sunnyshutter.ca/wp-content/uploads/fabric-sku/ROSELLE-BEIGE-BO.jpg
Zebra,ROSELLE-BROWN-BO,https://sunnyshutter.ca/wp-content/uploads/fabric-sku/ROSELLE-BROWN-BO.jpg
Zebra,ROSELLE-CHOCOLATE-BO,https://sunnyshutter.ca/wp-content/uploads/fabric-sku/ROSELLE-CHOCOLATE-BO.jpg
Zebra,ROSELLE-IVORY-BO,https://sunnyshutter.ca/wp-content/uploads/fabric-sku/ROSELLE-IVORY-BO.jpg
Zebra,ROSELLE-PUREWHITE-BO,https://sunnyshutter.ca/wp-content/uploads/fabric-sku/ROSELLE-PUREWHITE-BO.jpg
Zebra,ROSELLE-SAND-BO,https://sunnyshutter.ca/wp-content/uploads/fabric-sku/ROSELLE-SAND-BO.jpg
Zebra,ROSELLE-TAUPE-BO,https://sunnyshutter.ca/wp-content/uploads/fabric-sku/ROSELLE-TAUPE-BO.jpg
Zebra,ROSELLE-WHITE-BO,https://sunnyshutter.ca/wp-content/uploads/fabric-sku/ROSELLE-WHITE-BO.jpg
Zebra,Rossini-05-DO,https://sunnyshutter.ca/wp-content/uploads/fabric-sku/Rossini-05-DO.jpg
Zebra,Rossini-06-DO,https://sunnyshutter.ca/wp-content/uploads/fabric-sku/Rossini-06-DO.jpg
Zebra,Rossini-07-DO,https://sunnyshutter.ca/wp-content/uploads/fabric-sku/Rossini-07-DO.jpg
Zebra,SEDONA-BEIGE-LF,https://sunnyshutter.ca/wp-content/uploads/fabric-sku/SEDONA-BEIGE-LF.jpg
Zebra,SEDONA-GREY-LF,https://sunnyshutter.ca/wp-content/uploads/fabric-sku/SEDONA-GREY-LF.jpg
Zebra,SEDONA-WHITE-LF,https://sunnyshutter.ca/wp-content/uploads/fabric-sku/SEDONA-WHITE-LF.jpg
Zebra,VIENNAWIDE-BEIGE-LF,https://sunnyshutter.ca/wp-content/uploads/fabric-sku/VIENNAWIDE-BEIGE-LF.jpg
Zebra,VIENNAWIDE-DGRAY-LF,https://sunnyshutter.ca/wp-content/uploads/fabric-sku/VIENNAWIDE-DGRAY-LF.jpg
Zebra,VIENNAWIDE-IVORY-LF,https://sunnyshutter.ca/wp-content/uploads/fabric-sku/VIENNAWIDE-IVORY-LF.jpg
Zebra,VIENNAWIDE-LGRAY-LF,https://sunnyshutter.ca/wp-content/uploads/fabric-sku/VIENNAWIDE-LGRAY-LF.jpg
Zebra,VIENNAWIDE-WHITE-LF,https://sunnyshutter.ca/wp-content/uploads/fabric-sku/VIENNAWIDE-WHITE-LF.jpg
Zebra,XZ74B-5-DO,https://sunnyshutter.ca/wp-content/uploads/fabric-sku/XZ74B-5-DO.jpg
Zebra,XZ75B-2-DO,https://sunnyshutter.ca/wp-content/uploads/fabric-sku/XZ75B-2-DO.jpg
Zebra,XZ75B-7-DO,https://sunnyshutter.ca/wp-content/uploads/fabric-sku/XZ75B-7-DO.jpg
Roller,ADORO-CREAMY-BO,https://sunnyshutter.ca/wp-content/uploads/fabric-sku/ADORO-CREAMY-BO.jpg
Roller,ADORO-CREAMY-LF,https://sunnyshutter.ca/wp-content/uploads/fabric-sku/ADORO-CREAMY-LF.jpg
Roller,ADORO-LIGHTGREY-BO,https://sunnyshutter.ca/wp-content/uploads/fabric-sku/ADORO-LIGHTGREY-BO.jpg
Roller,ADORO-LIGHTGREY-LF,https://sunnyshutter.ca/wp-content/uploads/fabric-sku/ADORO-LIGHTGREY-LF.jpg
Roller,ADORO-PEWTER-BO,https://sunnyshutter.ca/wp-content/uploads/fabric-sku/ADORO-PEWTER-BO.jpg
Roller,ADORO-PEWTER-LF,https://sunnyshutter.ca/wp-content/uploads/fabric-sku/ADORO-PEWTER-LF.jpg
Roller,ADORO-STORM-BO,https://sunnyshutter.ca/wp-content/uploads/fabric-sku/ADORO-STORM-BO.jpg
Roller,ADORO-WHITEICE-BO,https://sunnyshutter.ca/wp-content/uploads/fabric-sku/ADORO-WHITEICE-BO.jpg
Roller,ADORO-WHITEICE-LF,https://sunnyshutter.ca/wp-content/uploads/fabric-sku/ADORO-WHITEICE-LF.jpg
Roller,Amuzen-Ivory-LF,https://sunnyshutter.ca/wp-content/uploads/fabric-sku/Amuzen-Ivory-LF.jpg
Roller,Amuzen-Sand-LF,https://sunnyshutter.ca/wp-content/uploads/fabric-sku/Amuzen-Sand-LF.jpg
Roller,Amuzen-White-LF,https://sunnyshutter.ca/wp-content/uploads/fabric-sku/Amuzen-White-LF.jpg
Roller,ANGEL-BEIGE-BO,https://sunnyshutter.ca/wp-content/uploads/fabric-sku/ANGEL-BEIGE-BO.jpg
Roller,ANGEL-BEIGE-LF,https://sunnyshutter.ca/wp-content/uploads/fabric-sku/ANGEL-BEIGE-LF.jpg
Roller,ANGEL-SLIVER-BO,https://sunnyshutter.ca/wp-content/uploads/fabric-sku/ANGEL-SLIVER-BO.jpg
Roller,ANGEL-SLIVER-LF,https://sunnyshutter.ca/wp-content/uploads/fabric-sku/ANGEL-SLIVER-LF.jpg
Roller,ANGEL-TAUPE-BO,https://sunnyshutter.ca/wp-content/uploads/fabric-sku/ANGEL-TAUPE-BO.jpg
Roller,ANGEL-TAUPE-LF,https://sunnyshutter.ca/wp-content/uploads/fabric-sku/ANGEL-TAUPE-LF.jpg
Roller,ANGEL-WHITE-BO,https://sunnyshutter.ca/wp-content/uploads/fabric-sku/ANGEL-WHITE-BO.jpg
Roller,ANGEL-WHITE-LF,https://sunnyshutter.ca/wp-content/uploads/fabric-sku/ANGEL-WHITE-LF.jpg
Roller,Beige0PCT-BO,https://sunnyshutter.ca/wp-content/uploads/fabric-sku/Beige0PCT-BO.jpg
Roller,Beige1PCT-SC-A7-102-LF,https://sunnyshutter.ca/wp-content/uploads/fabric-sku/Beige1PCT-SC-A7-102-LF.jpg
Roller,Beige3PCT-SC-A2-302-LF,https://sunnyshutter.ca/wp-content/uploads/fabric-sku/Beige3PCT-SC-A2-302-LF.jpg
Roller,Beige5PCT-LF,https://sunnyshutter.ca/wp-content/uploads/fabric-sku/Beige5PCT-LF.jpg
Roller,BILLY-ABBEYWHITE-BO,https://sunnyshutter.ca/wp-content/uploads/fabric-sku/BILLY-ABBEYWHITE-BO.jpg
Roller,BILLY-ABBEYWHITE-LF,https://sunnyshutter.ca/wp-content/uploads/fabric-sku/BILLY-ABBEYWHITE-LF.jpg
Roller,BILLY-GRAYCHURCH-BO,https://sunnyshutter.ca/wp-content/uploads/fabric-sku/BILLY-GRAYCHURCH-BO.jpg
Roller,BILLY-GRAYCHURCH-LF,https://sunnyshutter.ca/wp-content/uploads/fabric-sku/BILLY-GRAYCHURCH-LF.jpg
Roller,BILLY-HAMPTONBEIGE-BO,https://sunnyshutter.ca/wp-content/uploads/fabric-sku/BILLY-HAMPTONBEIGE-BO.jpg
Roller,BILLY-HAMPTONBEIGE-LF,https://sunnyshutter.ca/wp-content/uploads/fabric-sku/BILLY-HAMPTONBEIGE-LF.jpg
Roller,BILLY-SILVERBRIDGE-BO,https://sunnyshutter.ca/wp-content/uploads/fabric-sku/BILLY-SILVERBRIDGE-BO.jpg
Roller,BILLY-SILVERBRIDGE-LF,https://sunnyshutter.ca/wp-content/uploads/fabric-sku/BILLY-SILVERBRIDGE-LF.jpg
Roller,Black1PCT-LF,https://sunnyshutter.ca/wp-content/uploads/fabric-sku/Black1PCT-LF.jpg
Roller,Black3PCT-LF,https://sunnyshutter.ca/wp-content/uploads/fabric-sku/Black3PCT-LF.jpg
Roller,Black5PCT-LF,https://sunnyshutter.ca/wp-content/uploads/fabric-sku/Black5PCT-LF.jpg
Roller,CABO-BEIGE-BO,https://sunnyshutter.ca/wp-content/uploads/fabric-sku/CABO-BEIGE-BO.jpg
Roller,CABO-BEIGE-LF,https://sunnyshutter.ca/wp-content/uploads/fabric-sku/CABO-BEIGE-LF.jpg
Roller,CABO-GREIGE-BO,https://sunnyshutter.ca/wp-content/uploads/fabric-sku/CABO-GREIGE-BO.jpg
Roller,CABO-GREIGE-LF,https://sunnyshutter.ca/wp-content/uploads/fabric-sku/CABO-GREIGE-LF.jpg
Roller,CABO-MONOCHROME-BO,https://sunnyshutter.ca/wp-content/uploads/fabric-sku/CABO-MONOCHROME-BO.jpg
Roller,CABO-MONOCHROME-LF,https://sunnyshutter.ca/wp-content/uploads/fabric-sku/CABO-MONOCHROME-LF.jpg
Roller,CABO-TAUPE-BO,https://sunnyshutter.ca/wp-content/uploads/fabric-sku/CABO-TAUPE-BO.jpg
Roller,CABO-TAUPE-LF,https://sunnyshutter.ca/wp-content/uploads/fabric-sku/CABO-TAUPE-LF.jpg
Roller,CABO-WHITE-BO,https://sunnyshutter.ca/wp-content/uploads/fabric-sku/CABO-WHITE-BO.jpg
Roller,CABO-WHITE-LF,https://sunnyshutter.ca/wp-content/uploads/fabric-sku/CABO-WHITE-LF.jpg
Roller,DALLAS-CREAMY-BO,https://sunnyshutter.ca/wp-content/uploads/fabric-sku/DALLAS-CREAMY-BO.jpg
Roller,DALLAS-CREAMY-LF,https://sunnyshutter.ca/wp-content/uploads/fabric-sku/DALLAS-CREAMY-LF.jpg
Roller,DALLAS-FAWN-BO,https://sunnyshutter.ca/wp-content/uploads/fabric-sku/DALLAS-FAWN-BO.jpg
Roller,DALLAS-FAWN-LF,https://sunnyshutter.ca/wp-content/uploads/fabric-sku/DALLAS-FAWN-LF.jpg
Roller,DALLAS-GREY-BO,https://sunnyshutter.ca/wp-content/uploads/fabric-sku/DALLAS-GREY-BO.jpg
Roller,DALLAS-GREY-LF,https://sunnyshutter.ca/wp-content/uploads/fabric-sku/DALLAS-GREY-LF.jpg
Roller,DALLAS-TAN-BO,https://sunnyshutter.ca/wp-content/uploads/fabric-sku/DALLAS-TAN-BO.jpg
Roller,DALLAS-TAN-LF,https://sunnyshutter.ca/wp-content/uploads/fabric-sku/DALLAS-TAN-LF.jpg
Roller,DALLAS-WHITE-BO,https://sunnyshutter.ca/wp-content/uploads/fabric-sku/DALLAS-WHITE-BO.jpg
Roller,DALLAS-WHITE-LF,https://sunnyshutter.ca/wp-content/uploads/fabric-sku/DALLAS-WHITE-LF.jpg
Roller,GraceLuna-Oyster-BO,https://sunnyshutter.ca/wp-content/uploads/fabric-sku/GraceLuna-Oyster-BO.jpg
Roller,GraceLuna-Silver-BO,https://sunnyshutter.ca/wp-content/uploads/fabric-sku/GraceLuna-Silver-BO.jpg
Roller,GraceLuna-Snow-BO,https://sunnyshutter.ca/wp-content/uploads/fabric-sku/GraceLuna-Snow-BO.jpg
Roller,GraceLuna-Stella-BO,https://sunnyshutter.ca/wp-content/uploads/fabric-sku/GraceLuna-Stella-BO.jpg
Roller,Grace-Oyster-LF,https://sunnyshutter.ca/wp-content/uploads/fabric-sku/Grace-Oyster-LF.jpg
Roller,Grace-Silver-LF,https://sunnyshutter.ca/wp-content/uploads/fabric-sku/Grace-Silver-LF.jpg
Roller,Grace-Snow-LF,https://sunnyshutter.ca/wp-content/uploads/fabric-sku/Grace-Snow-LF.jpg
Roller,Grace-Stella-LF,https://sunnyshutter.ca/wp-content/uploads/fabric-sku/Grace-Stella-LF.jpg
Roller,Grey0PCT-SC-A9-503-BO,https://sunnyshutter.ca/wp-content/uploads/fabric-sku/Grey0PCT-SC-A9-503-BO.jpg
Roller,Ice-White1PCT-LF,https://sunnyshutter.ca/wp-content/uploads/fabric-sku/Ice-White1PCT-LF.jpg
Roller,Ice-White3PCT-LF,https://sunnyshutter.ca/wp-content/uploads/fabric-sku/Ice-White3PCT-LF.jpg
Roller,Ice-White5PCT-LF,https://sunnyshutter.ca/wp-content/uploads/fabric-sku/Ice-White5PCT-LF.jpg
Roller,Light-Grey1PCT-SC-A7-103-LF,https://sunnyshutter.ca/wp-content/uploads/fabric-sku/Light-Grey1PCT-SC-A7-103-LF.jpg
Roller,Light-Grey3PCT-SC-A2-303-LF,https://sunnyshutter.ca/wp-content/uploads/fabric-sku/Light-Grey3PCT-SC-A2-303-LF.jpg
Roller,Light-Grey5PCT-LF,https://sunnyshutter.ca/wp-content/uploads/fabric-sku/Light-Grey5PCT-LF.jpg
Roller,Linen-Grey-BO,https://sunnyshutter.ca/wp-content/uploads/fabric-sku/Linen-Grey-BO.jpg
Roller,Linen-Grey-LF,https://sunnyshutter.ca/wp-content/uploads/fabric-sku/Linen-Grey-LF.jpg
Roller,Linen-Oyster-BO,https://sunnyshutter.ca/wp-content/uploads/fabric-sku/Linen-Oyster-BO.jpg
Roller,Linen-Oyster-LF,https://sunnyshutter.ca/wp-content/uploads/fabric-sku/Linen-Oyster-LF.jpg
Roller,Linen-White-BO,https://sunnyshutter.ca/wp-content/uploads/fabric-sku/Linen-White-BO.jpg
Roller,Linen-White-LF,https://sunnyshutter.ca/wp-content/uploads/fabric-sku/Linen-White-LF.jpg
Roller,MANCHESTER-BEIGE-BO,https://sunnyshutter.ca/wp-content/uploads/fabric-sku/MANCHESTER-BEIGE-BO.jpg
Roller,MANCHESTER-BEIGE-LF,https://sunnyshutter.ca/wp-content/uploads/fabric-sku/MANCHESTER-BEIGE-LF.jpg
Roller,MANCHESTER-FOGGYLAKE-BO,https://sunnyshutter.ca/wp-content/uploads/fabric-sku/MANCHESTER-FOGGYLAKE-BO.jpg
Roller,MANCHESTER-FOGGYLAKE-LF,https://sunnyshutter.ca/wp-content/uploads/fabric-sku/MANCHESTER-FOGGYLAKE-LF.jpg
Roller,MANCHESTER-GRAYCHESTER-BO,https://sunnyshutter.ca/wp-content/uploads/fabric-sku/MANCHESTER-GRAYCHESTER-BO.jpg
Roller,MANCHESTER-GRAYCHESTER-LF,https://sunnyshutter.ca/wp-content/uploads/fabric-sku/MANCHESTER-GRAYCHESTER-LF.jpg
Roller,MANCHESTER-WHITE-BO,https://sunnyshutter.ca/wp-content/uploads/fabric-sku/MANCHESTER-WHITE-BO.jpg
Roller,MANCHESTER-WHITE-LF,https://sunnyshutter.ca/wp-content/uploads/fabric-sku/MANCHESTER-WHITE-LF.jpg
Roller,MANCHESTER-YORKSHADOW-BO,https://sunnyshutter.ca/wp-content/uploads/fabric-sku/MANCHESTER-YORKSHADOW-BO.jpg
Roller,MANCHESTER-YORKSHADOW-LF,https://sunnyshutter.ca/wp-content/uploads/fabric-sku/MANCHESTER-YORKSHADOW-LF.jpg
Roller,Mirage-Black-LF,https://sunnyshutter.ca/wp-content/uploads/fabric-sku/Mirage-Black-LF.jpg
Roller,Mirage-Dove-LF,https://sunnyshutter.ca/wp-content/uploads/fabric-sku/Mirage-Dove-LF.jpg
Roller,MirageMoon-Dove-BO,https://sunnyshutter.ca/wp-content/uploads/fabric-sku/MirageMoon-Dove-BO.jpg
Roller,MirageMoon-Raven-BO,https://sunnyshutter.ca/wp-content/uploads/fabric-sku/MirageMoon-Raven-BO.jpg
Roller,MirageMoon-Stella-BO,https://sunnyshutter.ca/wp-content/uploads/fabric-sku/MirageMoon-Stella-BO.jpg
Roller,MirageMoon-Swan-BO,https://sunnyshutter.ca/wp-content/uploads/fabric-sku/MirageMoon-Swan-BO.jpg
Roller,Mirage-Stella-LF,https://sunnyshutter.ca/wp-content/uploads/fabric-sku/Mirage-Stella-LF.jpg
Roller,Mirage-Swan-LF,https://sunnyshutter.ca/wp-content/uploads/fabric-sku/Mirage-Swan-LF.jpg
Roller,OMEGA3PCT-ALABASTER,https://sunnyshutter.ca/wp-content/uploads/fabric-sku/OMEGA3PCT-ALABASTER.jpg
Roller,OMEGA3PCT-BLACK,https://sunnyshutter.ca/wp-content/uploads/fabric-sku/OMEGA3PCT-BLACK.jpg
Roller,OMEGA3PCT-GREY,https://sunnyshutter.ca/wp-content/uploads/fabric-sku/OMEGA3PCT-GREY.jpg
Roller,OMEGA3PCT-WHITE,https://sunnyshutter.ca/wp-content/uploads/fabric-sku/OMEGA3PCT-WHITE.jpg
Roller,OMEGA5PCT-ALABASTER,https://sunnyshutter.ca/wp-content/uploads/fabric-sku/OMEGA5PCT-ALABASTER.jpg
Roller,OMEGA5PCT-BLACK,https://sunnyshutter.ca/wp-content/uploads/fabric-sku/OMEGA5PCT-BLACK.jpg
Roller,OMEGA5PCT-GREY,https://sunnyshutter.ca/wp-content/uploads/fabric-sku/OMEGA5PCT-GREY.jpg
Roller,OMEGA5PCT-WHITE,https://sunnyshutter.ca/wp-content/uploads/fabric-sku/OMEGA5PCT-WHITE.jpg
Roller,OMEGA1PCT-ALABASTER,https://sunnyshutter.ca/wp-content/uploads/fabric-sku/OMEGA1PCT-ALABASTER.jpg
Roller,OMEGA1PCT-BLACK,https://sunnyshutter.ca/wp-content/uploads/fabric-sku/OMEGA1PCT-BLACK.jpg
Roller,OMEGA1PCT-GREY,https://sunnyshutter.ca/wp-content/uploads/fabric-sku/OMEGA1PCT-GREY.jpg
Roller,OMEGA1PCT-WHITE,https://sunnyshutter.ca/wp-content/uploads/fabric-sku/OMEGA1PCT-WHITE.jpg
Roller,OMEGA-GREY-BO,https://sunnyshutter.ca/wp-content/uploads/fabric-sku/OMEGA-GREY-BO.jpg
Roller,OMEGA-WHITE-BO,https://sunnyshutter.ca/wp-content/uploads/fabric-sku/OMEGA-WHITE-BO.jpg
Roller,PRIME-BEIGE-BO,https://sunnyshutter.ca/wp-content/uploads/fabric-sku/PRIME-BEIGE-BO.jpg
Roller,PRIME-GRAY-BO,https://sunnyshutter.ca/wp-content/uploads/fabric-sku/PRIME-GRAY-BO.jpg
Roller,PRIME-LIGHTGREY-BO,https://sunnyshutter.ca/wp-content/uploads/fabric-sku/PRIME-LIGHTGREY-BO.jpg
Roller,PRIME-WHITE-BO,https://sunnyshutter.ca/wp-content/uploads/fabric-sku/PRIME-WHITE-BO.jpg
Roller,R1001-Beige-LF,https://sunnyshutter.ca/wp-content/uploads/fabric-sku/R1001-Beige-LF.jpg
Roller,R1001-Grey-LF,https://sunnyshutter.ca/wp-content/uploads/fabric-sku/R1001-Grey-LF.jpg
Roller,R1001-White-LF,https://sunnyshutter.ca/wp-content/uploads/fabric-sku/R1001-White-LF.jpg
Roller,Unique-Ivory-LF,https://sunnyshutter.ca/wp-content/uploads/fabric-sku/Unique-Ivory-LF.jpg
Roller,Unique-Light-Grey-LF,https://sunnyshutter.ca/wp-content/uploads/fabric-sku/Unique-Light-Grey-LF.jpg
Roller,Unique-White-LF,https://sunnyshutter.ca/wp-content/uploads/fabric-sku/Unique-White-LF.jpg
Roller,White0PCT-SC-A9-501-BO,https://sunnyshutter.ca/wp-content/uploads/fabric-sku/White0PCT-SC-A9-501-BO.jpg
Roller,White1PCT-LF,https://sunnyshutter.ca/wp-content/uploads/fabric-sku/White1PCT-LF.jpg
Roller,White3PCT-SC-A2-301-LF,https://sunnyshutter.ca/wp-content/uploads/fabric-sku/White3PCT-SC-A2-301-LF.jpg
Roller,White5PCT-LF,https://sunnyshutter.ca/wp-content/uploads/fabric-sku/White5PCT-LF.jpg
